Type,Name,Request Count,Failure Count,Median Response Time,Average Response Time,Min Response Time,Max Response Time,Average Content Size,Requests/s,Failures/s,50%,66%,75%,80%,90%,95%,98%,99%,99.9%,99.99%,100%
GET,/healthz,13314,0,38,61.32490256709542,0.5776250036433339,5727.998584043235,177.0,149.2194775317721,0.0,38,46,52,59,94,140,210,290,2900,5100,5700
POST,/v1/infer [long],26860,26848,38,99.95771872586771,0.7161250105127692,10295.213000033982,194.26224869694713,301.03914424691294,300.9046517029456,38,46,53,59,96,140,220,850,6500,10000,10000
POST,/v1/infer [medium],40409,40379,38,101.9296036986754,0.6455840775743127,10365.047374973074,194.3016902175258,452.8924340980456,452.55620273812724,38,45,52,58,95,140,230,870,6500,10000,10000
POST,/v1/infer [short],66804,66744,38,102.78508345170822,0.6521249888464808,10365.923208068125,194.3165678701874,748.7199922662238,748.0475295463871,38,46,52,58,95,140,220,880,6500,10000,10000
,Aggregated,147387,133971,38,98.2900265866252,0.5776250036433339,10365.923208068125,192.73832156160313,1651.8710481429544,1501.5083839874599,38,46,52,58,95,140,220,850,6500,10000,10000
